1,192.168.1.1,1.1.1.1,user,2024-04-28 13:39:15
2,192.168.1.1,8.8.4.4,admin,2024-04-28 13:39:15
3,192.168.1.1,1.0.0.1,guest,2024-04-28 13:39:15
4,192.168.1.1,1.1.1.1,user,2024-04-28 13:39:15
5,192.168.1.1,1.0.0.1,admin,2024-04-28 13:39:15
6,192.168.1.1,1.0.0.1,admin,2024-04-28 13:39:15
7,192.168.1.1,8.8.8.8,guest,2024-04-28 13:39:15
8,192.168.1.1,1.1.1.1,user,2024-04-28 13:39:15
9,192.168.1.1,1.0.0.1,guest,2024-04-28 13:39:15
10,192.168.1.1,1.0.0.1,admin,2024-04-28 13:39:15
11,192.168.1.1,1.0.0.1,guest,2024-04-28 13:39:15
12,192.168.1.1,1.1.1.1,admin,2024-04-28 13:39:15
13,192.168.1.1,8.8.4.4,admin,2024-04-28 13:39:15
14,192.168.1.1,8.8.4.4,admin,2024-04-28 13:39:15
15,192.168.1.1,1.0.0.1,user,2024-04-28 13:39:15
16,192.168.1.1,1.1.1.1,guest,2024-04-28 13:39:15
17,192.168.1.1,1.0.0.1,guest,2024-04-28 13:39:15
18,192.168.1.1,1.1.1.1,user,2024-04-28 13:39:15
19,192.168.1.1,1.0.0.1,admin,2024-04-28 13:39:15
20,192.168.1.1,8.8.8.8,admin,2024-04-28 13:39:15
21,192.168.1.1,1.1.1.1,admin,2024-04-28 13:39:15
22,192.168.1.1,8.8.4.4,admin,2024-04-28 13:39:15
23,192.168.1.1,1.1.1.1,guest,2024-04-28 13:39:15
24,192.168.1.1,8.8.8.8,admin,2024-04-28 13:39:15
25,192.168.1.1,8.8.8.8,user,2024-04-28 13:39:15
26,192.168.1.1,1.0.0.1,admin,2024-04-28 13:39:15
27,192.168.1.1,8.8.4.4,admin,2024-04-28 13:39:15
28,192.168.1.1,1.0.0.1,guest,2024-04-28 13:39:15
29,192.168.1.1,1.0.0.1,admin,2024-04-28 13:39:15
30,192.168.1.1,8.8.4.4,guest,2024-04-28 13:39:15
31,192.168.1.1,1.0.0.1,admin,2024-04-28 13:39:15
32,192.168.1.1,8.8.4.4,admin,2024-04-28 13:39:15
33,192.168.1.1,1.1.1.1,admin,2024-04-28 13:39:15
34,192.168.1.1,8.8.8.8,admin,2024-04-28 13:39:15
35,192.168.1.1,1.0.0.1,user,2024-04-28 13:39:15
36,192.168.1.1,8.8.8.8,guest,2024-04-28 13:39:15
37,192.168.1.1,1.0.0.1,user,2024-04-28 13:39:15
38,192.168.1.1,1.0.0.1,guest,2024-04-28 13:39:15
39,192.168.1.1,8.8.8.8,guest,2024-04-28 13:39:15
40,192.168.1.1,1.0.0.1,user,2024-04-28 13:39:15
41,192.168.1.1,8.8.4.4,user,2024-04-28 13:39:15
42,192.168.1.1,1.0.0.1,admin,2024-04-28 13:39:15
43,192.168.1.1,1.0.0.1,guest,2024-04-28 13:39:15
44,192.168.1.1,1.1.1.1,user,2024-04-28 13:39:15
45,192.168.1.1,1.1.1.1,guest,2024-04-28 13:39:15
46,192.168.1.1,1.0.0.1,guest,2024-04-28 13:39:15
47,192.168.1.1,8.8.4.4,user,2024-04-28 13:39:15
48,192.168.1.1,1.0.0.1,guest,2024-04-28 13:39:15
49,192.168.1.1,1.0.0.1,admin,2024-04-28 13:39:15
50,192.168.1.1,1.1.1.1,user,2024-04-28 13:39:15
51,192.168.1.1,1.0.0.1,user,2024-04-28 13:39:15
52,192.168.1.1,1.0.0.1,user,2024-04-28 13:39:15
53,192.168.1.1,8.8.4.4,user,2024-04-28 13:39:15
54,192.168.1.1,1.0.0.1,user,2024-04-28 13:39:15
55,192.168.1.1,8.8.4.4,admin,2024-04-28 13:39:15
56,192.168.1.1,8.8.8.8,admin,2024-04-28 13:39:15
57,192.168.1.1,1.1.1.1,user,2024-04-28 13:39:15
58,192.168.1.1,1.0.0.1,guest,2024-04-28 13:39:15
59,192.168.1.1,1.0.0.1,user,2024-04-28 13:39:15
60,192.168.1.1,1.0.0.1,user,2024-04-28 13:39:15
61,192.168.1.1,8.8.4.4,admin,2024-04-28 13:39:15
62,192.168.1.1,1.0.0.1,guest,2024-04-28 13:39:15
63,192.168.1.1,1.1.1.1,guest,2024-04-28 13:39:15
64,192.168.1.1,1.0.0.1,admin,2024-04-28 13:39:15
65,192.168.1.1,8.8.4.4,admin,2024-04-28 13:39:15
66,192.168.1.1,1.1.1.1,user,2024-04-28 13:39:15
67,192.168.1.1,1.0.0.1,admin,2024-04-28 13:39:15
68,192.168.1.1,8.8.4.4,user,2024-04-28 13:39:15
69,192.168.1.1,1.0.0.1,user,2024-04-28 13:39:15
70,192.168.1.1,8.8.4.4,user,2024-04-28 13:39:15
71,192.168.1.1,8.8.4.4,guest,2024-04-28 13:39:15
72,192.168.1.1,1.0.0.1,user,2024-04-28 13:39:15
73,192.168.1.1,1.0.0.1,admin,2024-04-28 13:39:15
74,192.168.1.1,1.1.1.1,guest,2024-04-28 13:39:15
75,192.168.1.1,8.8.8.8,admin,2024-04-28 13:39:15
76,192.168.1.1,1.0.0.1,user,2024-04-28 13:39:15
77,192.168.1.1,1.1.1.1,guest,2024-04-28 13:39:15
78,192.168.1.1,1.1.1.1,guest,2024-04-28 13:39:15
79,192.168.1.1,1.0.0.1,guest,2024-04-28 13:39:15
80,192.168.1.1,8.8.8.8,user,2024-04-28 13:39:15
81,192.168.1.1,8.8.4.4,admin,2024-04-28 13:39:15
82,192.168.1.1,8.8.4.4,admin,2024-04-28 13:39:15
83,192.168.1.1,1.1.1.1,user,2024-04-28 13:39:15
84,192.168.1.1,8.8.4.4,admin,2024-04-28 13:39:15
85,192.168.1.1,8.8.4.4,guest,2024-04-28 13:39:15
86,192.168.1.1,1.1.1.1,guest,2024-04-28 13:39:15
87,192.168.1.1,1.0.0.1,user,2024-04-28 13:39:15
88,192.168.1.1,8.8.4.4,admin,2024-04-28 13:39:15
89,192.168.1.1,1.0.0.1,guest,2024-04-28 13:39:15
90,192.168.1.1,8.8.8.8,guest,2024-04-28 13:39:15
91,192.168.1.1,1.0.0.1,user,2024-04-28 13:39:15
92,192.168.1.1,1.1.1.1,guest,2024-04-28 13:39:15
93,192.168.1.1,1.1.1.1,admin,2024-04-28 13:39:15
94,192.168.1.1,8.8.4.4,admin,2024-04-28 13:39:15
95,192.168.1.1,1.0.0.1,user,2024-04-28 13:39:15
96,192.168.1.1,8.8.8.8,user,2024-04-28 13:39:15
97,192.168.1.1,1.1.1.1,user,2024-04-28 13:39:15
98,192.168.1.1,8.8.4.4,user,2024-04-28 13:39:15
99,192.168.1.1,1.0.0.1,guest,2024-04-28 13:39:15
100,192.168.1.1,8.8.8.8,user,2024-04-28 13:39:15
